{
  "project" : {
    "id" : "course_work-134559-KGV",
    "name" : "course_work-134559-KGV",
    "folder" : "/jaicp"
  },
  "settings" : {
    "language" : "ru",
    "spellingCorrection" : false,
    "classificationAlgorithm" : "sts",
    "timezone" : "UTC",
    "shared" : false
  },
  "intents" : [ {
    "id" : 164516,
    "path" : "/next_q",
    "enabled" : true,
    "shared" : false,
    "phrases" : [ ],
    "patterns" : [ ]
  }, {
    "id" : 164830,
    "path" : "/res",
    "enabled" : true,
    "shared" : false,
    "phrases" : [ ],
    "patterns" : [ ]
  }, {
    "id" : 164517,
    "path" : "/reset_res",
    "enabled" : true,
    "shared" : false,
    "phrases" : [ ],
    "patterns" : [ ]
  }, {
    "id" : 164831,
    "path" : "/choose_topic",
    "enabled" : true,
    "shared" : false,
    "phrases" : [ ],
    "patterns" : [ ]
  }, {
    "id" : 164518,
    "path" : "/answer",
    "enabled" : true,
    "shared" : false,
    "phrases" : [ ],
    "patterns" : [ ]
  }, {
    "id" : 164832,
    "path" : "/Новый интент",
    "enabled" : true,
    "shared" : false
  } ],
  "entities" : [ ],
  "enabledSystemEntities" : [ "duckling.number" ]
}